Workbook

Sheet n=1
A1: Product | B1: Value | C1: CUMSUM | D1: V Lower arm | E1: V Upper arm | F1: C+ | G1: C- | H1: Max deviation | I1: N+ | J1: N- | L1: μ0 | M1: k | N1: σ | O1: H
A2: 1 | B2: 50 | C2: =B2-L$2+0 -> 0 | D2: =D3-$M$2 -> 51 | E2: =E3+$M$2 -> 459 | F2: =MAX(0,B2-L2-M2) -> 0 | G2: =MAX(0,L2-B2-M2) -> 0 | H2: =$O$2 -> 5 | L2: 50 | M2: =N2/2 -> 0.5 | N2: 1 | O2: =N2*5 -> 5
A3: 2 | B3: 52 | C3: =B3-L$2+C2 -> 2 | D3: =D4-$M$2 -> 51.5 | E3: =E4+$M$2 -> 458.5 | F3: =MAX(0,B3-$L$2-$M$2+F2) -> 1.5 | G3: =MAX(0,$L$2-B3-$M$2+G2) -> 0 | H3: =$O$2 -> 5
A4: 3 | B4: 51 | C4: =B4-L$2+C3 -> 3 | D4: =D5-$M$2 -> 52 | E4: =E5+$M$2 -> 458 | F4: =MAX(0,B4-$L$2-$M$2+F3) -> 2 | G4: =MAX(0,$L$2-B4-$M$2+G3) -> 0 | H4: =$O$2 -> 5
A5: 4 | B5: 51 | C5: =B5-L$2+C4 -> 4 | D5: =D6-$M$2 -> 52.5 | E5: =E6+$M$2 -> 457.5 | F5: =MAX(0,B5-$L$2-$M$2+F4) -> 2.5 | G5: =MAX(0,$L$2-B5-$M$2+G4) -> 0 | H5: =$O$2 -> 5
A6: 5 | B6: 52 | C6: =B6-L$2+C5 -> 6 | D6: =D7-$M$2 -> 53 | E6: =E7+$M$2 -> 457 | F6: =MAX(0,B6-$L$2-$M$2+F5) -> 4 | G6: =MAX(0,$L$2-B6-$M$2+G5) -> 0 | H6: =$O$2 -> 5
A7: 6 | B7: 50 | C7: =B7-L$2+C6 -> 6 | D7: =D8-$M$2 -> 53.5 | E7: =E8+$M$2 -> 456.5 | F7: =MAX(0,B7-$L$2-$M$2+F6) -> 3.5 | G7: =MAX(0,$L$2-B7-$M$2+G6) -> 0 | H7: =$O$2 -> 5
A8: 7 | B8: 48 | C8: =B8-L$2+C7 -> 4 | D8: =D9-$M$2 -> 54 | E8: =E9+$M$2 -> 456 | F8: =MAX(0,B8-$L$2-$M$2+F7) -> 1 | G8: =MAX(0,$L$2-B8-$M$2+G7) -> 1.5 | H8: =$O$2 -> 5
A9: 8 | B9: 51 | C9: =B9-L$2+C8 -> 5 | D9: =D10-$M$2 -> 54.5 | E9: =E10+$M$2 -> 455.5 | F9: =MAX(0,B9-$L$2-$M$2+F8) -> 1.5 | G9: =MAX(0,$L$2-B9-$M$2+G8) -> 0 | H9: =$O$2 -> 5
A10: 9 | B10: 52 | C10: =B10-L$2+C9 -> 7 | D10: =D11-$M$2 -> 55 | E10: =E11+$M$2 -> 455 | F10: =MAX(0,B10-$L$2-$M$2+F9) -> 3 | G10: =MAX(0,$L$2-B10-$M$2+G9) -> 0 | H10: =$O$2 -> 5
A11: 10 | B11: 48 | C11: =B11-L$2+C10 -> 5 | D11: =D12-$M$2 -> 55.5 | E11: =E12+$M$2 -> 454.5 | F11: =MAX(0,B11-$L$2-$M$2+F10) -> 0.5 | G11: =MAX(0,$L$2-B11-$M$2+G10) -> 1.5 | H11: =$O$2 -> 5
A12: 11 | B12: 51 | C12: =B12-L$2+C11 -> 6 | D12: =D13-$M$2 -> 56 | E12: =E13+$M$2 -> 454 | F12: =MAX(0,B12-$L$2-$M$2+F11) -> 1 | G12: =MAX(0,$L$2-B12-$M$2+G11) -> 0 | H12: =$O$2 -> 5
A13: 12 | B13: 50 | C13: =B13-L$2+C12 -> 6 | D13: =D14-$M$2 -> 56.5 | E13: =E14+$M$2 -> 453.5 | F13: =MAX(0,B13-$L$2-$M$2+F12) -> 0.5 | G13: =MAX(0,$L$2-B13-$M$2+G12) -> 0 | H13: =$O$2 -> 5
A14: 13 | B14: 52 | C14: =B14-L$2+C13 -> 8 | D14: =D15-$M$2 -> 57 | E14: =E15+$M$2 -> 453 | F14: =MAX(0,B14-$L$2-$M$2+F13) -> 2 | G14: =MAX(0,$L$2-B14-$M$2+G13) -> 0 | H14: =$O$2 -> 5
... A399: 398 | B399: 53 | C399: =B399-L$2+C398 -> 258 | D399: =D400-$M$2 -> 249.5 | E399: =E400+$M$2 -> 260.5 | F399: =MAX(0,B399-$L$2-$M$2+F398) -> 128.5 | G399: =MAX(0,$L$2-B399-$M$2+G398) -> 1 | H399: =$O$2 -> 5
A400: 399 | B400: 47 | C400: =B400-L$2+C399 -> 255 | D400: =C400-$O$2 -> 250 | E400: =C400+$O$2 -> 260 | F400: =MAX(0,B400-$L$2-$M$2+F399) -> 125 | G400: =MAX(0,$L$2-B400-$M$2+G399) -> 3.5 | H400: =$O$2 -> 5

Sheet n=2
A1: Sample | B1: Value | C1: CUMSUM | D1: V Lower arm | E1: V Upper arm | F1: C+ | G1: C- | H1: Max deviation | I1: N+ | J1: N- | L1: μ0 | M1: k | N1: σ | O1: H | P1: n
A2: 1 | B2: =AVERAGE(OFFSET('n=1'!$B$1,(ROW()-2)*$P$2+1,0,$P$2,1)) -> 51 | C2: =B2-L2 -> 1 | D2: =D3-$M$2 -> 21.5 | E2: =E3+$M$2 -> 230.5 | F2: =MAX(0,B2-L2-M2) -> 0.5 | G2: =MAX(0,B2-L2-M2) -> 0.5 | H2: =$O$2 -> 5 | L2: 50 | M2: =1/2 -> 0.5 | N2: 1 | O2: =N2*5 -> 5 | P2: 2
A3: 2 | B3: =AVERAGE(OFFSET('n=1'!$B$1,(ROW()-2)*$P$2+1,0,$P$2,1)) -> 51 | C3: =B3-$L$2+C2 -> 2 | D3: =D4-$M$2 -> 22 | E3: =E4+$M$2 -> 230 | F3: =MAX(0,B3-$L$2-$M$2+F2) -> 1 | G3: =MAX(0,$L$2-B3-$M$2+G2) -> 0 | H3: =$O$2 -> 5
A4: 3 | B4: =AVERAGE(OFFSET('n=1'!$B$1,(ROW()-2)*$P$2+1,0,$P$2,1)) -> 51 | C4: =B4-$L$2+C3 -> 3 | D4: =D5-$M$2 -> 22.5 | E4: =E5+$M$2 -> 229.5 | F4: =MAX(0,B4-$L$2-$M$2+F3) -> 1.5 | G4: =MAX(0,$L$2-B4-$M$2+G3) -> 0 | H4: =$O$2 -> 5
A5: 4 | B5: =AVERAGE(OFFSET('n=1'!$B$1,(ROW()-2)*$P$2+1,0,$P$2,1)) -> 49.5 | C5: =B5-$L$2+C4 -> 2.5 | D5: =D6-$M$2 -> 23 | E5: =E6+$M$2 -> 229 | F5: =MAX(0,B5-$L$2-$M$2+F4) -> 0.5 | G5: =MAX(0,$L$2-B5-$M$2+G4) -> 0 | H5: =$O$2 -> 5
A6: 5 | B6: =AVERAGE(OFFSET('n=1'!$B$1,(ROW()-2)*$P$2+1,0,$P$2,1)) -> 50 | C6: =B6-$L$2+C5 -> 2.5 | D6: =D7-$M$2 -> 23.5 | E6: =E7+$M$2 -> 228.5 | F6: =MAX(0,B6-$L$2-$M$2+F5) -> 0 | G6: =MAX(0,$L$2-B6-$M$2+G5) -> 0 | H6: =$O$2 -> 5
A7: 6 | B7: =AVERAGE(OFFSET('n=1'!$B$1,(ROW()-2)*$P$2+1,0,$P$2,1)) -> 50.5 | C7: =B7-$L$2+C6 -> 3 | D7: =D8-$M$2 -> 24 | E7: =E8+$M$2 -> 228 | F7: =MAX(0,B7-$L$2-$M$2+F6) -> 0 | G7: =MAX(0,$L$2-B7-$M$2+G6) -> 0 | H7: =$O$2 -> 5
A8: 7 | B8: =AVERAGE(OFFSET('n=1'!$B$1,(ROW()-2)*$P$2+1,0,$P$2,1)) -> 52.5 | C8: =B8-$L$2+C7 -> 5.5 | D8: =D9-$M$2 -> 24.5 | E8: =E9+$M$2 -> 227.5 | F8: =MAX(0,B8-$L$2-$M$2+F7) -> 2 | G8: =MAX(0,$L$2-B8-$M$2+G7) -> 0 | H8: =$O$2 -> 5
A9: 8 | B9: =AVERAGE(OFFSET('n=1'!$B$1,(ROW()-2)*$P$2+1,0,$P$2,1)) -> 52 | C9: =B9-$L$2+C8 -> 7.5 | D9: =D10-$M$2 -> 25 | E9: =E10+$M$2 -> 227 | F9: =MAX(0,B9-$L$2-$M$2+F8) -> 3.5 | G9: =MAX(0,$L$2-B9-$M$2+G8) -> 0 | H9: =$O$2 -> 5
A10: 9 | B10: =AVERAGE(OFFSET('n=1'!$B$1,(ROW()-2)*$P$2+1,0,$P$2,1)) -> 50 | C10: =B10-$L$2+C9 -> 7.5 | D10: =D11-$M$2 -> 25.5 | E10: =E11+$M$2 -> 226.5 | F10: =MAX(0,B10-$L$2-$M$2+F9) -> 3 | G10: =MAX(0,$L$2-B10-$M$2+G9) -> 0 | H10: =$O$2 -> 5
A11: 10 | B11: =AVERAGE(OFFSET('n=1'!$B$1,(ROW()-2)*$P$2+1,0,$P$2,1)) -> 51.5 | C11: =B11-$L$2+C10 -> 9 | D11: =D12-$M$2 -> 26 | E11: =E12+$M$2 -> 226 | F11: =MAX(0,B11-$L$2-$M$2+F10) -> 4 | G11: =MAX(0,$L$2-B11-$M$2+G10) -> 0 | H11: =$O$2 -> 5
A12: 11 | B12: =AVERAGE(OFFSET('n=1'!$B$1,(ROW()-2)*$P$2+1,0,$P$2,1)) -> 50 | C12: =B12-$L$2+C11 -> 9 | D12: =D13-$M$2 -> 26.5 | E12: =E13+$M$2 -> 225.5 | F12: =MAX(0,B12-$L$2-$M$2+F11) -> 3.5 | G12: =MAX(0,$L$2-B12-$M$2+G11) -> 0 | H12: =$O$2 -> 5
A13: 12 | B13: =AVERAGE(OFFSET('n=1'!$B$1,(ROW()-2)*$P$2+1,0,$P$2,1)) -> 52 | C13: =B13-$L$2+C12 -> 11 | D13: =D14-$M$2 -> 27 | E13: =E14+$M$2 -> 225 | F13: =MAX(0,B13-$L$2-$M$2+F12) -> 5 | G13: =MAX(0,$L$2-B13-$M$2+G12) -> 0 | H13: =$O$2 -> 5
A14: 13 | B14: =AVERAGE(OFFSET('n=1'!$B$1,(ROW()-2)*$P$2+1,0,$P$2,1)) -> 47.5 | C14: =B14-$L$2+C13 -> 8.5 | D14: =D15-$M$2 -> 27.5 | E14: =E15+$M$2 -> 224.5 | F14: =MAX(0,B14-$L$2-$M$2+F13) -> 2 | G14: =MAX(0,$L$2-B14-$M$2+G13) -> 2 | H14: =$O$2 -> 5
... A200: 199 | B200: =AVERAGE(OFFSET('n=1'!$B$1,(ROW()-2)*$P$2+1,0,$P$2,1)) -> 49 | C200: =B200-$L$2+C199 -> 129 | D200: =D201-$M$2 -> 120.5 | E200: =E201+$M$2 -> 131.5 | F200: =MAX(0,B200-$L$2-$M$2+F199) -> 63.5 | G200: =MAX(0,$L$2-B200-$M$2+G199) -> 0.5 | H200: =$O$2 -> 5
A201: 200 | B201: =AVERAGE(OFFSET('n=1'!$B$1,(ROW()-2)*$P$2+1,0,$P$2,1)) -> 47 | C201: =B201-$L$2+C200 -> 126 | D201: =C201-$O$2 -> 121 | E201: =C201+$O$2 -> 131 | F201: =MAX(0,B201-$L$2-$M$2+F200) -> 60 | G201: =MAX(0,$L$2-B201-$M$2+G200) -> 3 | H201: =$O$2 -> 5

Sheet n=4
A1: Sample | B1: Value | C1: CUMSUM | D1: V Lower arm | E1: V Upper arm | F1: C+ | G1: C- | H1: Max deviation | I1: N+ | J1: N- | L1: μ0 | M1: k | N1: σ | O1: H | P1: n
A2: 1 | B2: =AVERAGE(OFFSET('n=1'!$B$1,(ROW()-2)*$P$2+1,0,$P$2,1)) -> 51 | C2: =B2-L2 -> 1 | D2: =D3-$M$2 -> 8.8333333 | E2: =E3+$M$2 -> 117.83333 | F2: =MAX(0,B2-L2-M2) -> 0.5 | G2: =MAX(0,B2-L2-M2) -> 0.5 | H2: =$O$2 -> 5 | L2: 50 | M2: =1/2 -> 0.5 | N2: 1 | O2: =N2*5 -> 5 | P2: 4
A3: 2 | B3: =AVERAGE(OFFSET('n=1'!$B$1,(ROW()-2)*$P$2+1,0,$P$2,1)) -> 50.25 | C3: =B3-$L$2+C2 -> 1.25 | D3: =D4-$M$2 -> 9.3333333 | E3: =E4+$M$2 -> 117.33333 | F3: =MAX(0,B3-$L$2-$M$2+F2) -> 0.25 | G3: =MAX(0,$L$2-B3-$M$2+G2) -> 0 | H3: =$O$2 -> 5
A4: 3 | B4: =AVERAGE(OFFSET('n=1'!$B$1,(ROW()-2)*$P$2+1,0,$P$2,1)) -> 50.25 | C4: =B4-$L$2+C3 -> 1.5 | D4: =D5-$M$2 -> 9.8333333 | E4: =E5+$M$2 -> 116.83333 | F4: =MAX(0,B4-$L$2-$M$2+F3) -> 0 | G4: =MAX(0,$L$2-B4-$M$2+G3) -> 0 | H4: =$O$2 -> 5
A5: 4 | B5: =AVERAGE(OFFSET('n=1'!$B$1,(ROW()-2)*$P$2+1,0,$P$2,1)) -> 52.25 | C5: =B5-$L$2+C4 -> 3.75 | D5: =D6-$M$2 -> 10.333333 | E5: =E6+$M$2 -> 116.33333 | F5: =MAX(0,B5-$L$2-$M$2+F4) -> 1.75 | G5: =MAX(0,$L$2-B5-$M$2+G4) -> 0 | H5: =$O$2 -> 5
A6: 5 | B6: =AVERAGE(OFFSET('n=1'!$B$1,(ROW()-2)*$P$2+1,0,$P$2,1)) -> 50.75 | C6: =B6-$L$2+C5 -> 4.5 | D6: =D7-$M$2 -> 10.833333 | E6: =E7+$M$2 -> 115.83333 | F6: =MAX(0,B6-$L$2-$M$2+F5) -> 2 | G6: =MAX(0,$L$2-B6-$M$2+G5) -> 0 | H6: =$O$2 -> 5
A7: 6 | B7: =AVERAGE(OFFSET('n=1'!$B$1,(ROW()-2)*$P$2+1,0,$P$2,1)) -> 51 | C7: =B7-$L$2+C6 -> 5.5 | D7: =D8-$M$2 -> 11.333333 | E7: =E8+$M$2 -> 115.33333 | F7: =MAX(0,B7-$L$2-$M$2+F6) -> 2.5 | G7: =MAX(0,$L$2-B7-$M$2+G6) -> 0 | H7: =$O$2 -> 5
A8: 7 | B8: =AVERAGE(OFFSET('n=1'!$B$1,(ROW()-2)*$P$2+1,0,$P$2,1)) -> 48 | C8: =B8-$L$2+C7 -> 3.5 | D8: =D9-$M$2 -> 11.833333 | E8: =E9+$M$2 -> 114.83333 | F8: =MAX(0,B8-$L$2-$M$2+F7) -> 0 | G8: =MAX(0,$L$2-B8-$M$2+G7) -> 1.5 | H8: =$O$2 -> 5
A9: 8 | B9: =AVERAGE(OFFSET('n=1'!$B$1,(ROW()-2)*$P$2+1,0,$P$2,1)) -> 49 | C9: =B9-$L$2+C8 -> 2.5 | D9: =D10-$M$2 -> 12.333333 | E9: =E10+$M$2 -> 114.33333 | F9: =MAX(0,B9-$L$2-$M$2+F8) -> 0 | G9: =MAX(0,$L$2-B9-$M$2+G8) -> 2 | H9: =$O$2 -> 5
A10: 9 | B10: =AVERAGE(OFFSET('n=1'!$B$1,(ROW()-2)*$P$2+1,0,$P$2,1)) -> 49.5 | C10: =B10-$L$2+C9 -> 2 | D10: =D11-$M$2 -> 12.833333 | E10: =E11+$M$2 -> 113.83333 | F10: =MAX(0,B10-$L$2-$M$2+F9) -> 0 | G10: =MAX(0,$L$2-B10-$M$2+G9) -> 2 | H10: =$O$2 -> 5
A11: 10 | B11: =AVERAGE(OFFSET('n=1'!$B$1,(ROW()-2)*$P$2+1,0,$P$2,1)) -> 49.75 | C11: =B11-$L$2+C10 -> 1.75 | D11: =D12-$M$2 -> 13.333333 | E11: =E12+$M$2 -> 113.33333 | F11: =MAX(0,B11-$L$2-$M$2+F10) -> 0 | G11: =MAX(0,$L$2-B11-$M$2+G10) -> 1.75 | H11: =$O$2 -> 5
A12: 11 | B12: =AVERAGE(OFFSET('n=1'!$B$1,(ROW()-2)*$P$2+1,0,$P$2,1)) -> 49.25 | C12: =B12-$L$2+C11 -> 1 | D12: =D13-$M$2 -> 13.833333 | E12: =E13+$M$2 -> 112.83333 | F12: =MAX(0,B12-$L$2-$M$2+F11) -> 0 | G12: =MAX(0,$L$2-B12-$M$2+G11) -> 2 | H12: =$O$2 -> 5
A13: 12 | B13: =AVERAGE(OFFSET('n=1'!$B$1,(ROW()-2)*$P$2+1,0,$P$2,1)) -> 49.5 | C13: =B13-$L$2+C12 -> 0.5 | D13: =D14-$M$2 -> 14.333333 | E13: =E14+$M$2 -> 112.33333 | F13: =MAX(0,B13-$L$2-$M$2+F12) -> 0 | G13: =MAX(0,$L$2-B13-$M$2+G12) -> 2 | H13: =$O$2 -> 5
A14: 13 | B14: =AVERAGE(OFFSET('n=1'!$B$1,(ROW()-2)*$P$2+1,0,$P$2,1)) -> 52.5 | C14: =B14-$L$2+C13 -> 3 | D14: =D15-$M$2 -> 14.833333 | E14: =E15+$M$2 -> 111.83333 | F14: =MAX(0,B14-$L$2-$M$2+F13) -> 2 | G14: =MAX(0,$L$2-B14-$M$2+G13) -> 0 | H14: =$O$2 -> 5
... A100: 99 | B100: =AVERAGE(OFFSET('n=1'!$B$1,(ROW()-2)*$P$2+1,0,$P$2,1)) -> 52.25 | C100: =B100-$L$2+C99 -> 65 | D100: =D101-$M$2 -> 57.833333 | E100: =E101+$M$2 -> 68.833333 | F100: =MAX(0,B100-$L$2-$M$2+F99) -> 32.5 | G100: =MAX(0,$L$2-B100-$M$2+G99) -> 0 | H100: =$O$2 -> 5
A101: 100 | B101: =AVERAGE(OFFSET('n=1'!$B$1,(ROW()-2)*$P$2+1,0,$P$2,1)) -> 48.333333 | C101: =B101-$L$2+C100 -> 63.333333 | D101: =C101-$O$2 -> 58.333333 | E101: =C101+$O$2 -> 68.333333 | F101: =MAX(0,B101-$L$2-$M$2+F100) -> 30.333333 | G101: =MAX(0,$L$2-B101-$M$2+G100) -> 1.1666667 | H101: =$O$2 -> 5

Sheet n=8
A1: Sample | B1: Value | C1: CUMSUM | D1: V Lower arm | E1: V Upper arm | F1: C+ | G1: C- | H1: Max deviation | I1: N+ | J1: N- | L1: μ0 | M1: k | N1: σ | O1: H | P1: n
A2: 1 | B2: =AVERAGE(OFFSET('n=1'!$B$1,(ROW()-2)*$P$2+1,0,$P$2,1)) -> 50.625 | C2: =B2-L2 -> 0.625 | D2: =D3-$M$2 -> 2.4464286 | E2: =E3+$M$2 -> 61.446429 | F2: =MAX(0,B2-L2-M2) -> 0.125 | G2: =MAX(0,B2-L2-M2) -> 0.125 | H2: =$O$2 -> 5 | L2: 50 | M2: =1/2 -> 0.5 | N2: 1 | O2: =N2*5 -> 5 | P2: 8
A3: 2 | B3: =AVERAGE(OFFSET('n=1'!$B$1,(ROW()-2)*$P$2+1,0,$P$2,1)) -> 51.25 | C3: =B3-$L$2+C2 -> 1.875 | D3: =D4-$M$2 -> 2.9464286 | E3: =E4+$M$2 -> 60.946429 | F3: =MAX(0,B3-$L$2-$M$2+F2) -> 0.875 | G3: =MAX(0,$L$2-B3-$M$2+G2) -> 0 | H3: =$O$2 -> 5
A4: 3 | B4: =AVERAGE(OFFSET('n=1'!$B$1,(ROW()-2)*$P$2+1,0,$P$2,1)) -> 50.875 | C4: =B4-$L$2+C3 -> 2.75 | D4: =D5-$M$2 -> 3.4464286 | E4: =E5+$M$2 -> 60.446429 | F4: =MAX(0,B4-$L$2-$M$2+F3) -> 1.25 | G4: =MAX(0,$L$2-B4-$M$2+G3) -> 0 | H4: =$O$2 -> 5
A5: 4 | B5: =AVERAGE(OFFSET('n=1'!$B$1,(ROW()-2)*$P$2+1,0,$P$2,1)) -> 48.5 | C5: =B5-$L$2+C4 -> 1.25 | D5: =D6-$M$2 -> 3.9464286 | E5: =E6+$M$2 -> 59.946429 | F5: =MAX(0,B5-$L$2-$M$2+F4) -> 0 | G5: =MAX(0,$L$2-B5-$M$2+G4) -> 1 | H5: =$O$2 -> 5
A6: 5 | B6: =AVERAGE(OFFSET('n=1'!$B$1,(ROW()-2)*$P$2+1,0,$P$2,1)) -> 49.625 | C6: =B6-$L$2+C5 -> 0.875 | D6: =D7-$M$2 -> 4.4464286 | E6: =E7+$M$2 -> 59.446429 | F6: =MAX(0,B6-$L$2-$M$2+F5) -> 0 | G6: =MAX(0,$L$2-B6-$M$2+G5) -> 0.875 | H6: =$O$2 -> 5
A7: 6 | B7: =AVERAGE(OFFSET('n=1'!$B$1,(ROW()-2)*$P$2+1,0,$P$2,1)) -> 49.375 | C7: =B7-$L$2+C6 -> 0.25 | D7: =D8-$M$2 -> 4.9464286 | E7: =E8+$M$2 -> 58.946429 | F7: =MAX(0,B7-$L$2-$M$2+F6) -> 0 | G7: =MAX(0,$L$2-B7-$M$2+G6) -> 1 | H7: =$O$2 -> 5
A8: 7 | B8: =AVERAGE(OFFSET('n=1'!$B$1,(ROW()-2)*$P$2+1,0,$P$2,1)) -> 51.875 | C8: =B8-$L$2+C7 -> 2.125 | D8: =D9-$M$2 -> 5.4464286 | E8: =E9+$M$2 -> 58.446429 | F8: =MAX(0,B8-$L$2-$M$2+F7) -> 1.375 | G8: =MAX(0,$L$2-B8-$M$2+G7) -> 0 | H8: =$O$2 -> 5
A9: 8 | B9: =AVERAGE(OFFSET('n=1'!$B$1,(ROW()-2)*$P$2+1,0,$P$2,1)) -> 50.75 | C9: =B9-$L$2+C8 -> 2.875 | D9: =D10-$M$2 -> 5.9464286 | E9: =E10+$M$2 -> 57.946429 | F9: =MAX(0,B9-$L$2-$M$2+F8) -> 1.625 | G9: =MAX(0,$L$2-B9-$M$2+G8) -> 0 | H9: =$O$2 -> 5
A10: 9 | B10: =AVERAGE(OFFSET('n=1'!$B$1,(ROW()-2)*$P$2+1,0,$P$2,1)) -> 49.125 | C10: =B10-$L$2+C9 -> 2 | D10: =D11-$M$2 -> 6.4464286 | E10: =E11+$M$2 -> 57.446429 | F10: =MAX(0,B10-$L$2-$M$2+F9) -> 0.25 | G10: =MAX(0,$L$2-B10-$M$2+G9) -> 0.375 | H10: =$O$2 -> 5
A11: 10 | B11: =AVERAGE(OFFSET('n=1'!$B$1,(ROW()-2)*$P$2+1,0,$P$2,1)) -> 50 | C11: =B11-$L$2+C10 -> 2 | D11: =D12-$M$2 -> 6.9464286 | E11: =E12+$M$2 -> 56.946429 | F11: =MAX(0,B11-$L$2-$M$2+F10) -> 0 | G11: =MAX(0,$L$2-B11-$M$2+G10) -> 0 | H11: =$O$2 -> 5
A12: 11 | B12: =AVERAGE(OFFSET('n=1'!$B$1,(ROW()-2)*$P$2+1,0,$P$2,1)) -> 49.25 | C12: =B12-$L$2+C11 -> 1.25 | D12: =D13-$M$2 -> 7.4464286 | E12: =E13+$M$2 -> 56.446429 | F12: =MAX(0,B12-$L$2-$M$2+F11) -> 0 | G12: =MAX(0,$L$2-B12-$M$2+G11) -> 0.25 | H12: =$O$2 -> 5
A13: 12 | B13: =AVERAGE(OFFSET('n=1'!$B$1,(ROW()-2)*$P$2+1,0,$P$2,1)) -> 51.25 | C13: =B13-$L$2+C12 -> 2.5 | D13: =D14-$M$2 -> 7.9464286 | E13: =E14+$M$2 -> 55.946429 | F13: =MAX(0,B13-$L$2-$M$2+F12) -> 0.75 | G13: =MAX(0,$L$2-B13-$M$2+G12) -> 0 | H13: =$O$2 -> 5
A14: 13 | B14: =AVERAGE(OFFSET('n=1'!$B$1,(ROW()-2)*$P$2+1,0,$P$2,1)) -> 50.25 | C14: =B14-$L$2+C13 -> 2.75 | D14: =D15-$M$2 -> 8.4464286 | E14: =E15+$M$2 -> 55.446429 | F14: =MAX(0,B14-$L$2-$M$2+F13) -> 0.5 | G14: =MAX(0,$L$2-B14-$M$2+G13) -> 0 | H14: =$O$2 -> 5
... A50: 49 | B50: =AVERAGE(OFFSET('n=1'!$B$1,(ROW()-2)*$P$2+1,0,$P$2,1)) -> 50 | C50: =B50-$L$2+C49 -> 31.375 | D50: =D51-$M$2 -> 26.446429 | E50: =E51+$M$2 -> 37.446429 | F50: =MAX(0,B50-$L$2-$M$2+F49) -> 15.125 | G50: =MAX(0,$L$2-B50-$M$2+G49) -> 0 | H50: =$O$2 -> 5
A51: 50 | B51: =AVERAGE(OFFSET('n=1'!$B$1,(ROW()-2)*$P$2+1,0,$P$2,1)) -> 50.571429 | C51: =B51-$L$2+C50 -> 31.946429 | D51: =C51-$O$2 -> 26.946429 | E51: =C51+$O$2 -> 36.946429 | F51: =MAX(0,B51-$L$2-$M$2+F50) -> 15.196429 | G51: =MAX(0,$L$2-B51-$M$2+G50) -> 0 | H51: =$O$2 -> 5

Sheet ARL
A1: Magnitude of process shift | C1: ARL: n=
A2: k | B2: 𝜌 | C2: 1 | D2: 2 | E2: 4 | F2: 8
A3: 0 | B3: 1 | C3: =1/(1-((_xlfn.NORM.S.DIST((3-$A3*SQRT(C$2)/$B3),TRUE))-_xlfn.NORM.S.DIST((-3-$A3*SQRT(C$2)/$B3),TRUE))) -> 370.39835 | D3: =1/(1-((_xlfn.NORM.S.DIST((3-$A3*SQRT(D$2)/$B3),TRUE))-_xlfn.NORM.S.DIST((-3-$A3*SQRT(D$2)/$B3),TRUE))) -> 370.39835 | E3: =1/(1-((_xlfn.NORM.S.DIST((3-$A3*SQRT(E$2)/$B3),TRUE))-_xlfn.NORM.S.DIST((-3-$A3*SQRT(E$2)/$B3),TRUE))) -> 370.39835 | F3: =1/(1-((_xlfn.NORM.S.DIST((3-$A3*SQRT(F$2)/$B3),TRUE))-_xlfn.NORM.S.DIST((-3-$A3*SQRT(F$2)/$B3),TRUE))) -> 370.39835
A4: =1/2 -> 0.5 | B4: 1 | C4: =1/(1-((_xlfn.NORM.S.DIST((3-$A4*SQRT(C$2)/$B4),TRUE))-_xlfn.NORM.S.DIST((-3-$A4*SQRT(C$2)/$B4),TRUE))) -> 155.2242 | D4: =1/(1-((_xlfn.NORM.S.DIST((3-$A4*SQRT(D$2)/$B4),TRUE))-_xlfn.NORM.S.DIST((-3-$A4*SQRT(D$2)/$B4),TRUE))) -> 90.646242 | E4: =1/(1-((_xlfn.NORM.S.DIST((3-$A4*SQRT(E$2)/$B4),TRUE))-_xlfn.NORM.S.DIST((-3-$A4*SQRT(E$2)/$B4),TRUE))) -> 43.894682 | F4: =1/(1-((_xlfn.NORM.S.DIST((3-$A4*SQRT(F$2)/$B4),TRUE))-_xlfn.NORM.S.DIST((-3-$A4*SQRT(F$2)/$B4),TRUE))) -> 17.730826 | I4: =_xlfn.NORM.S.DIST(0,FALSE) -> 0.39894228 | J4: =_xlfn.NORM.S.DIST(0,TRUE) -> 0.5
A5: 1 | B5: 1 | C5: =1/(1-((_xlfn.NORM.S.DIST((3-$A5*SQRT(C$2)/$B5),TRUE))-_xlfn.NORM.S.DIST((-3-$A5*SQRT(C$2)/$B5),TRUE))) -> 43.894682 | D5: =1/(1-((_xlfn.NORM.S.DIST((3-$A5*SQRT(D$2)/$B5),TRUE))-_xlfn.NORM.S.DIST((-3-$A5*SQRT(D$2)/$B5),TRUE))) -> 17.730826 | E5: =1/(1-((_xlfn.NORM.S.DIST((3-$A5*SQRT(E$2)/$B5),TRUE))-_xlfn.NORM.S.DIST((-3-$A5*SQRT(E$2)/$B5),TRUE))) -> 6.302963 | F5: =1/(1-((_xlfn.NORM.S.DIST((3-$A5*SQRT(F$2)/$B5),TRUE))-_xlfn.NORM.S.DIST((-3-$A5*SQRT(F$2)/$B5),TRUE))) -> 2.3154222
A6: =1+1/2 -> 1.5 | B6: 1 | C6: =1/(1-((_xlfn.NORM.S.DIST((3-$A6*SQRT(C$2)/$B6),TRUE))-_xlfn.NORM.S.DIST((-3-$A6*SQRT(C$2)/$B6),TRUE))) -> 14.967685 | D6: =1/(1-((_xlfn.NORM.S.DIST((3-$A6*SQRT(D$2)/$B6),TRUE))-_xlfn.NORM.S.DIST((-3-$A6*SQRT(D$2)/$B6),TRUE))) -> 5.2690468 | E6: =1/(1-((_xlfn.NORM.S.DIST((3-$A6*SQRT(E$2)/$B6),TRUE))-_xlfn.NORM.S.DIST((-3-$A6*SQRT(E$2)/$B6),TRUE))) -> 2 | F6: =1/(1-((_xlfn.NORM.S.DIST((3-$A6*SQRT(F$2)/$B6),TRUE))-_xlfn.NORM.S.DIST((-3-$A6*SQRT(F$2)/$B6),TRUE))) -> 1.119821
A7: 2 | B7: 1 | C7: =1/(1-((_xlfn.NORM.S.DIST((3-$A7*SQRT(C$2)/$B7),TRUE))-_xlfn.NORM.S.DIST((-3-$A7*SQRT(C$2)/$B7),TRUE))) -> 6.302963 | D7: =1/(1-((_xlfn.NORM.S.DIST((3-$A7*SQRT(D$2)/$B7),TRUE))-_xlfn.NORM.S.DIST((-3-$A7*SQRT(D$2)/$B7),TRUE))) -> 2.3154222 | E7: =1/(1-((_xlfn.NORM.S.DIST((3-$A7*SQRT(E$2)/$B7),TRUE))-_xlfn.NORM.S.DIST((-3-$A7*SQRT(E$2)/$B7),TRUE))) -> 1.1885734 | F7: =1/(1-((_xlfn.NORM.S.DIST((3-$A7*SQRT(F$2)/$B7),TRUE))-_xlfn.NORM.S.DIST((-3-$A7*SQRT(F$2)/$B7),TRUE))) -> 1.0039593
